{
  "num_files": 100,
  "vertex": {
    "precision": 0.998923863330643,
    "recall": 0.9373895480939157,
    "mean_error_px": 